<?xml version="1.0" ?><Code_Saturne_GUI case="CASE1" study="PIN_SEC_DENSE" version="2.0">
	<solution_domain>
		<volumic_conditions>
			<zone head_losses="off" initialization="on" label="all_cells" mass_source_term="off" momentum_source_term="off" name="1" scalar_source_term="off" thermal_source_term="off">all[]</zone>
		</volumic_conditions>
		<meshes_list>
			<mesh format="med" name="pin_sec_dense.med" num="1"/>
		</meshes_list>
		<join_meshes status="off"/>
		<faces_cutting status="off"/>
		<reorientation status="on"/>
		<periodic_boundary/>
		<standalone/>
	</solution_domain>
	<thermophysical_models>
		<velocity_pressure>
			<variable label="Pression" name="pressure">
				<reference_pressure>101325</reference_pressure>
			</variable>
			<variable label="VitesseX" name="velocity_U">
				<blending_factor>1</blending_factor>
			</variable>
			<variable label="VitesseY" name="velocity_V">
				<blending_factor>1</blending_factor>
			</variable>
			<variable label="VitesseZ" name="velocity_W">
				<blending_factor>1</blending_factor>
			</variable>
			<property label="total_pressure" name="total_pressure"/>
			<property label="Yplus" name="yplus" support="boundary">
				<postprocessing_recording status="off"/>
			</property>
			<property label="Efforts" name="effort" support="boundary">
				<postprocessing_recording status="off"/>
			</property>
			<property label="all_variables" name="all_variables" support="boundary">
				<postprocessing_recording status="off"/>
			</property>
		</velocity_pressure>
		<ale_method status="off"/>
		<turbulence model="k-epsilon">
			<variable label="EnerTurb" name="turb_k"/>
			<variable label="Dissip" name="turb_eps"/>
			<property label="ViscTurb" name="turb_viscosity"/>
			<initialization choice="reference_velocity">
				<reference_velocity>1</reference_velocity>
			</initialization>
		</turbulence>
		<thermal_scalar model="temperature_celsius">
			<property label="Flux_thermique_entrant" name="input_thermal_flux" support="boundary">
				<postprocessing_recording status="off"/>
			</property>
		</thermal_scalar>
		<radiative_transfer model="off">
			<restart status="off"/>
			<absorption_coefficient type="constant">0</absorption_coefficient>
		</radiative_transfer>
		<conjugate_heat_transfer>
			<external_coupling status="off"/>
			<external_coupling status="off"/>
			<external_coupling status="on"/>
		</conjugate_heat_transfer>
		<gas_combustion model="off"/>
		<pulverized_coal model="off"/>
		<joule_effect model="off"/>
		<atmospheric_flows model="off"/>
		<heads_losses/>
	</thermophysical_models>
	<numerical_parameters>
		<multigrid status="on"/>
		<gradient_transposed status="on"/>
		<velocity_pressure_coupling status="off"/>
		<pressure_relaxation>1</pressure_relaxation>
		<wall_pressure_extrapolation>0</wall_pressure_extrapolation>
		<gradient_reconstruction choice="2"/>
	</numerical_parameters>
	<physical_properties>
		<fluid_properties>
			<property choice="constant" label="MasseVol" name="density">
				<listing_printing status="off"/>
				<postprocessing_recording status="off"/>
				<initial_value>1.17862</initial_value>
			</property>
			<property choice="constant" label="ViscLam" name="molecular_viscosity">
				<listing_printing status="off"/>
				<postprocessing_recording status="off"/>
				<initial_value>1.83e-05</initial_value>
			</property>
			<property choice="constant" label="ChSpec" name="specific_heat">
				<listing_printing status="off"/>
				<postprocessing_recording status="off"/>
				<initial_value>1017.24</initial_value>
			</property>
			<property choice="constant" label="CondTherm" name="thermal_conductivity">
				<listing_printing status="off"/>
				<postprocessing_recording status="off"/>
				<initial_value>0.02495</initial_value>
			</property>
		</fluid_properties>
		<gravity>
			<gravity_x>0</gravity_x>
			<gravity_y>0</gravity_y>
			<gravity_z>0</gravity_z>
		</gravity>
		<hydrostatic_pressure status="off"/>
	</physical_properties>
	<additional_scalars>
		<scalar label="TempC" name="temperature_celsius" type="thermal">
			<initial_value label="all_cells" zone="1">10.0</initial_value>
			<min_value>-1e+12</min_value>
			<max_value>1e+12</max_value>
			<blending_factor>1</blending_factor>
			<order_scheme choice="solu"/>
		</scalar>
		<scalar label="scalar1" name="scalar2" type="user">
			<initial_value label="all_cells" zone="1">0.004</initial_value>
			<min_value>-1e+12</min_value>
			<max_value>1e+12</max_value>
			<property choice="constant" label="Dscal1" name="diffusion_coefficient_2">
				<initial_value>1.83e-05</initial_value>
			</property>
			<blending_factor>1</blending_factor>
			<order_scheme choice="solu"/>
		</scalar>
	</additional_scalars>
	<boundary_conditions>
		<boundary label="BC_11" name="11" nature="wall">masquesol</boundary>
		<wall label="BC_11">
			<velocity_pressure choice="off"/>
			<scalar choice="neumann" label="TempC" name="temperature_celsius" type="thermal">
				<neumann>0</neumann>
			</scalar>
		</wall>
		<boundary label="BC_13" name="13" nature="wall">batext</boundary>
		<wall label="BC_13">
			<velocity_pressure choice="off">
				<dirichlet name="velocity_U">0</dirichlet>
				<dirichlet name="velocity_V">0</dirichlet>
				<dirichlet name="velocity_W">0</dirichlet>
			</velocity_pressure>
			<scalar choice="neumann" label="TempC" name="temperature_celsius" type="thermal">
				<neumann>0</neumann>
			</scalar>
		</wall>
		<boundary label="BC_17" name="17" nature="symmetry">ceil</boundary>
		<boundary label="BC_19" name="19" nature="wall">ground</boundary>
		<wall label="BC_19">
			<velocity_pressure choice="off"/>
			<scalar choice="neumann" label="TempC" name="temperature_celsius" type="thermal">
				<neumann>0</neumann>
			</scalar>
		</wall>
		<symmetry label="BC_17"/>
		<variable/>
	</boundary_conditions>
	<analysis_control>
		<output>
			<postprocessing_mesh_options choice="0"/>
			<syrthes_boundary status="off"/>
			<postprocessing_format choice="EnSight"/>
			<postprocessing_options choice="binary"/>
			<domain_boundary status="on"/>
			<listing_printing_frequency>1</listing_printing_frequency>
			<postprocessing_frequency>-1</postprocessing_frequency>
			<probe_recording_frequency>1</probe_recording_frequency>
			<fluid_domain status="on"/>
			<probe name="1" status="on">
				<probe_x>520</probe_x>
				<probe_y>358</probe_y>
				<probe_z>3</probe_z>
			</probe>
			<probe name="2" status="on">
				<probe_x>520</probe_x>
				<probe_y>358</probe_y>
				<probe_z>10</probe_z>
			</probe>
			<probe name="3" status="on">
				<probe_x>520</probe_x>
				<probe_y>358</probe_y>
				<probe_z>25</probe_z>
			</probe>
			<probe name="4" status="on">
				<probe_x>477</probe_x>
				<probe_y>350</probe_y>
				<probe_z>3</probe_z>
			</probe>
			<probe name="5" status="on">
				<probe_x>477</probe_x>
				<probe_y>350</probe_y>
				<probe_z>10</probe_z>
			</probe>
			<probe name="6" status="on">
				<probe_x>477</probe_x>
				<probe_y>350</probe_y>
				<probe_z>25</probe_z>
			</probe>
			<probe name="7" status="on">
				<probe_x>473</probe_x>
				<probe_y>376</probe_y>
				<probe_z>3</probe_z>
			</probe>
			<probe name="8" status="on">
				<probe_x>473</probe_x>
				<probe_y>376</probe_y>
				<probe_z>10</probe_z>
			</probe>
			<probe name="9" status="on">
				<probe_x>473</probe_x>
				<probe_y>376</probe_y>
				<probe_z>25</probe_z>
			</probe>
			<probe name="10" status="on">
				<probe_x>517</probe_x>
				<probe_y>384</probe_y>
				<probe_z>3</probe_z>
			</probe>
			<probe name="11" status="on">
				<probe_x>517</probe_x>
				<probe_y>384</probe_y>
				<probe_z>10</probe_z>
			</probe>
			<probe name="12" status="on">
				<probe_x>517</probe_x>
				<probe_y>384</probe_y>
				<probe_z>25</probe_z>
			</probe>
			<probe name="13" status="on">
				<probe_x>557</probe_x>
				<probe_y>391</probe_y>
				<probe_z>3</probe_z>
			</probe>
			<probe name="14" status="on">
				<probe_x>557</probe_x>
				<probe_y>391</probe_y>
				<probe_z>10</probe_z>
			</probe>
			<probe name="15" status="on">
				<probe_x>557</probe_x>
				<probe_y>391</probe_y>
				<probe_z>25</probe_z>
			</probe>
			<probe name="16" status="on">
				<probe_x>589</probe_x>
				<probe_y>401</probe_y>
				<probe_z>3</probe_z>
			</probe>
			<probe name="17" status="on">
				<probe_x>589</probe_x>
				<probe_y>401</probe_y>
				<probe_z>10</probe_z>
			</probe>
			<probe name="18" status="on">
				<probe_x>589</probe_x>
				<probe_y>401</probe_y>
				<probe_z>25</probe_z>
			</probe>
			<probe name="19" status="on">
				<probe_x>598</probe_x>
				<probe_y>371</probe_y>
				<probe_z>3</probe_z>
			</probe>
			<probe name="20" status="on">
				<probe_x>598</probe_x>
				<probe_y>371</probe_y>
				<probe_z>10</probe_z>
			</probe>
			<probe name="21" status="on">
				<probe_x>598</probe_x>
				<probe_y>371</probe_y>
				<probe_z>25</probe_z>
			</probe>
			<probe name="22" status="on">
				<probe_x>600</probe_x>
				<probe_y>437</probe_y>
				<probe_z>3</probe_z>
			</probe>
			<probe name="23" status="on">
				<probe_x>600</probe_x>
				<probe_y>437</probe_y>
				<probe_z>10</probe_z>
			</probe>
			<probe name="24" status="on">
				<probe_x>600</probe_x>
				<probe_y>437</probe_y>
				<probe_z>25</probe_z>
			</probe>
			<probe name="25" status="on">
				<probe_x>457</probe_x>
				<probe_y>394</probe_y>
				<probe_z>3</probe_z>
			</probe>
			<probe name="26" status="on">
				<probe_x>469</probe_x>
				<probe_y>394</probe_y>
				<probe_z>10</probe_z>
			</probe>
			<probe name="27" status="on">
				<probe_x>469</probe_x>
				<probe_y>394</probe_y>
				<probe_z>25</probe_z>
			</probe>
			<probe name="28" status="on">
				<probe_x>469</probe_x>
				<probe_y>306</probe_y>
				<probe_z>3</probe_z>
			</probe>
			<probe name="29" status="on">
				<probe_x>479</probe_x>
				<probe_y>306</probe_y>
				<probe_z>10</probe_z>
			</probe>
			<probe name="30" status="on">
				<probe_x>479</probe_x>
				<probe_y>306</probe_y>
				<probe_z>25</probe_z>
			</probe>
			<probe name="31" status="on">
				<probe_x>597</probe_x>
				<probe_y>306</probe_y>
				<probe_z>3</probe_z>
			</probe>
			<probe name="32" status="on">
				<probe_x>597</probe_x>
				<probe_y>306</probe_y>
				<probe_z>10</probe_z>
			</probe>
			<probe name="33" status="on">
				<probe_x>597</probe_x>
				<probe_y>306</probe_y>
				<probe_z>25</probe_z>
			</probe>
		</output>
		<time_parameters>
			<time_step_ref>0.1</time_step_ref>
			<iterations>10</iterations>
			<time_passing>0</time_passing>
		</time_parameters>
		<steady_management status="on">
			<zero_iteration status="off"/>
			<iterations>8200</iterations>
			<relaxation_coefficient>0.9</relaxation_coefficient>
		</steady_management>
		<time_averages/>
		<profiles/>
	</analysis_control>
	<calcul_management>
		<start_restart>
			<restart status="on"/>
			<frozen_field status="on"/>
			<current_restart>RESTART.07290843</current_restart>
		</start_restart>
		<integer_user_array>
			<ncelet>0</ncelet>
			<nfac>0</nfac>
			<nfabor>0</nfabor>
			<dimless>0</dimless>
		</integer_user_array>
		<real_user_array>
			<ncelet>0</ncelet>
			<nfac>0</nfac>
			<nfabor>0</nfabor>
			<dimless>0</dimless>
		</real_user_array>
		<integer_work_array>
			<ncelet>0</ncelet>
			<nfac>0</nfac>
			<nfabor>0</nfabor>
			<dimless>0</dimless>
		</integer_work_array>
		<real_work_array>
			<ncelet>0</ncelet>
			<nfac>0</nfac>
			<nfabor>0</nfabor>
			<dimless>0</dimless>
		</real_work_array>
	</calcul_management>
	<lagrangian model="off"/>
</Code_Saturne_GUI>