<?xml version="1.0"?>
<param_couplage>
  <chemin_cas>/home/laurent/Couplage/canyon_benjamin</chemin_cas>

  <initialisation_cir_ou_med>med</initialisation_cir_ou_med>
  <chemin_geometrie_saturne>/home/laurent/Couplage/canyon_benjamin/canyon_benjamin.med</chemin_geometrie_saturne>
  <chemin_familles_xml>/home/laurent/Couplage/canyon_benjamin/famille.xml</chemin_familles_xml>
  <chemin_materiaux_xml>/home/laurent/Couplage/canyon_benjamin/materiau.xml</chemin_materiaux_xml>
  <chemin_fichier_meteo>/home/laurent/Couplage/canyon_benjamin/meteo/meteo</chemin_fichier_meteo>
 <type_fichier_meteo>ONEVU</type_fichier_meteo>

  <chemin_geometrie_solene_triangle></chemin_geometrie_solene_triangle>
  <chemin_geometrie_solene_face></chemin_geometrie_solene_face>
  <chemin_familles_val></chemin_familles_val>
  
  <debut_jour>19</debut_jour>
  <debut_mois>6</debut_mois>
  <debut_heure>1</debut_heure>
  <debut_minutes>00</debut_minutes>
  <fin_jour>22</fin_jour>
  <fin_mois>6</fin_mois>
  <fin_heure>23</fin_heure>
  <fin_minutes>0</fin_minutes>
  <pas_heure>1</pas_heure>
  <pas_minutes>00</pas_minutes>
  
  <param_solene>
    <constant type="float"  classe="radiatif"     name="latitude">46.0</constant>
    <constant type="float"  classe="radiatif"     name="longitude">-1.0</constant>
    <constant type="float"  classe="radiatif"     name="delta_perez">0.12</constant>
    <constant type="float"  classe="radiatif"     name="epsilon_perez">6.3</constant>
    <constant type="float"  classe="radiatif"     name="angle_vision">89.9</constant>
    <constant type="bool"   classe="radiatif"     name="transparence">1</constant>
    <constant type="bool"   classe="radiatif"     name="opt_lumiere">0</constant>
    <constant type="int"    classe="energetique"  name="regime_thermique">1</constant>
    <constant type="int"    classe="energetique"  name="saison">0</constant>
    <constant type="float"  classe="energetique"  name="taux_occupation">0.063</constant>
    <constant type="float"  classe="energetique"  name="puissance_sensible">0.0</constant>
    <constant type="float"  classe="energetique"  name="temp_consigne">20.0</constant>
  </param_solene>
  
  <calculs_effectues>
    <initialisation_solene>0</initialisation_solene>
    <flux_solaires_av>0</flux_solaires_av>
    <facteurs_de_formes>0</facteurs_de_formes>
    <initialisation_vent>0</initialisation_vent>
    <ref_initialisation_vent></ref_initialisation_vent>
    <dernier_pas_de_temps>0</dernier_pas_de_temps>
  </calculs_effectues>

</param_couplage>
