<?xml version="1.0"?>
<familles>
  <famille>
    <name>murBatetude</name>
    <classe>mur</classe>
    <albedo>0.25</albedo>
    <transmittance>0</transmittance>
    <emissivite>0.9</emissivite>
    <layers>
      <layer>
	<position>1</position>
	<materiau>beton</materiau>
	<epaisseur>0.1</epaisseur>
      </layer>
    </layers>
    <soleneID>0</soleneID>
    <saturneID>0</saturneID>
  </famille>
  
  <famille>
    <name>toit</name>
    <classe>toit</classe>
    <albedo>0.3</albedo>
    <transmittance>0</transmittance>
    <emissivite>0.9</emissivite>
    <layers>
      <layer>
	<position>1</position>
	<materiau>beton</materiau>
	<epaisseur>0.2</epaisseur>
      </layer>
    </layers>
    <soleneID>0</soleneID>
    <saturneID>0</saturneID>
  </famille>

  <famille>
    <name>vitrage</name>
    <classe>vitrage</classe>
    <albedo>0.3</albedo>
    <transmittance>0.6</transmittance>
    <emissivite>0.9</emissivite>
    <layers>
      <layer>
	<position>1</position>
	<materiau>verre</materiau>
	<epaisseur>0.006</epaisseur>
      </layer>
      <layer>
	<position>2</position>
	<materiau>air</materiau>
	<epaisseur>0.012</epaisseur>
      </layer>
      <layer>
	<position>3</position>
	<materiau>verre</materiau>
	<epaisseur>0.006</epaisseur>
      </layer>
    </layers>
    <soleneID>1</soleneID>
    <saturneID></saturneID>
  </famille>
    
  <famille>
    <name>plancher_int</name>
    <classe>plancher_int</classe>
    <layers>
      <layer>
	<position>1</position>
	<materiau>beton</materiau>
	<epaisseur>0.15</epaisseur>
      </layer>
    </layers>
    <soleneID>3</soleneID>
    <saturneID></saturneID>
  </famille>
  
  
  <famille>
    <name>plancher_bas</name>
    <classe>plancher_bas</classe>
    <layers>
      <layer>
	<position>1</position>
	<materiau>laine_roche</materiau>
	<epaisseur>0.14</epaisseur>
      </layer>
      <layer>
	<position>2</position>
	<materiau>beton</materiau>
	<epaisseur>0.15</epaisseur>
      </layer>
    </layers>
    <soleneID>4</soleneID>
    <saturneID></saturneID>
  </famille>
  
  <famille>
    <name>interieur</name>
    <classe>interieur</classe>
    <layers>
      <layer>
	<position>1</position>
	<materiau>beton</materiau>
	<epaisseur>0.15</epaisseur>
      </layer>
    </layers>
    <soleneID>5</soleneID>
    <saturneID></saturneID>
  </famille>


  <famille>
    <name>facadeext</name>
    <classe>batiments</classe>
    <albedo>0.25</albedo>
    <transmittance>0</transmittance>
    <emissivite>0.9</emissivite>
    <layers>
      <layer>
	<position>1</position>
	<materiau>beton</materiau>
	<epaisseur>0.3</epaisseur>
      </layer>
      <layer>
	<position>2</position>
	<materiau>laine_roche</materiau>
	<epaisseur>0.15</epaisseur>
      </layer>
    </layers>
    <soleneID>7</soleneID>
    <saturneID></saturneID>
  </famille>

  <famille>
    <name>murBatetude1</name>
    <classe>batiments</classe>
    <albedo>0.25</albedo>
    <transmittance>0</transmittance>
    <emissivite>0.9</emissivite>
    <layers>
      <layer>
	<position>1</position>
	<materiau>beton</materiau>
	<epaisseur>0.1</epaisseur>
      </layer>
    </layers>
    <soleneID>0</soleneID>
    <saturneID>0</saturneID>
  </famille>
  
  <famille>
    <name>toit1</name>
    <classe>batiments</classe>
    <albedo>0.3</albedo>
    <transmittance>0</transmittance>
    <emissivite>0.9</emissivite>
    <layers>
      <layer>
	<position>1</position>
	<materiau>beton</materiau>
	<epaisseur>0.2</epaisseur>
      </layer>
    </layers>
    <soleneID>0</soleneID>
    <saturneID>0</saturneID>
  </famille>

  
  <famille>
    <name>facadeint</name>
    <classe>batiments</classe>
    <albedo>0.25</albedo>
    <transmittance>0</transmittance>
    <emissivite>0.9</emissivite>
    <layers>
      <layer>
	<position>1</position>
	<materiau>beton</materiau>
	<epaisseur>0.3</epaisseur>
      </layer>
      <layer>
	<position>2</position>
	<materiau>laine_roche</materiau>
	<epaisseur>0.15</epaisseur>
      </layer>
    </layers>
    <soleneID>7</soleneID>
    <saturneID></saturneID>
  </famille>

  <famille>
    <name>solmin</name>
    <classe>sol</classe>
    <albedo>0.2</albedo>
    <transmittance>0</transmittance>
    <emissivite>0.9</emissivite>
    <layers>
      <layer>
	<position>1</position>
	<materiau>asphalte</materiau>
	<epaisseur>0.1</epaisseur>
      </layer>
      <layer>
	<position>2</position>
	<materiau>beton</materiau>
	<epaisseur>1.0</epaisseur>
      </layer>
    </layers>

    <soleneID>8</soleneID>
    <saturneID></saturneID>
  </famille>
  
  <famille>
    <name>pelouse</name>
    <classe>sol_veg</classe>
    <albedo>0.1</albedo>
    <transmittance>0</transmittance>
    <emissivite>0.9</emissivite>
    <layers>
      <layer>
	<position>1</position>
	<materiau>asphalte</materiau>
	<epaisseur>0.1</epaisseur>
      </layer>
      <layer>
	<position>2</position>
	<materiau>beton</materiau>
	<epaisseur>1.0</epaisseur>
      </layer>
    </layers>
    <LAI>2</LAI>
    <epaisseur_feuillage>0.2</epaisseur_feuillage>
    <coeff_extinction>0.9</coeff_extinction>
    <evaporation>1</evaporation>
    <soleneID>8</soleneID>
    <saturneID></saturneID>
  </famille>
  
  <famille>
    <name>terreplein</name>
    <classe>sol</classe>
    <albedo>0.1</albedo>
    <transmittance>0</transmittance>
    <emissivite>0.9</emissivite>
    <layers>
      <layer>
	<position>1</position>
	<materiau>asphalte</materiau>
	<epaisseur>0.1</epaisseur>
      </layer>
      <layer>
	<position>2</position>
	<materiau>beton</materiau>
	<epaisseur>1.0</epaisseur>
      </layer>
    </layers>

    <soleneID>8</soleneID>
    <saturneID></saturneID>
  </famille>
 
  <famille>
    <name>arbreext</name>
    <classe>surface_arbre</classe>
    <albedo>0.2</albedo>
    <transmittance>0.75</transmittance>
    <emissivite>0.9</emissivite>
    <soleneID>9</soleneID>
    <saturneID></saturneID>
  </famille>
  
  <famille>
  <name>arbre</name>
  <classe>volume_arbre</classe>
  <LAD>1</LAD>
  <soleneID></soleneID>
  <saturneID></saturneID>
  </famille>
  
  <famille>
    <name>masques</name>
    <classe>batiments</classe>
   <transmittance>0</transmittance>
   <albedo>0.3</albedo>
   <emissivite>0.9</emissivite>
    <layers>
      <layer>
	<position>1</position>
	<materiau>asphalte</materiau>
	<epaisseur>0.1</epaisseur>
      </layer>
      <layer>
	<position>2</position>
	<materiau>beton</materiau>
	<epaisseur>1.0</epaisseur>
      </layer>
    </layers>
    <soleneID>0</soleneID>
    <saturneID></saturneID>
  </famille>

  <famille>
    <name>air</name>
    <classe>volume_air</classe>
    <soleneID></soleneID>
    <saturneID></saturneID>
  </famille>
 
  <famille>
    <name>veineext</name>
    <classe>sat_inlet</classe>
    <soleneID></soleneID>
    <saturneID></saturneID>
  </famille>
  
<famille>
  <name>ceil</name>
  <classe>sat_sym</classe>
  <soleneID></soleneID>
  <saturneID></saturneID>
</famille>

<famille>
  <name>sol</name>
  <classe>sat_wall</classe>
  <soleneID></soleneID>
  <saturneID></saturneID>
</famille>


</familles>






