<?xml version="1.0"?>
<familles>
<famille>
  <name>mur</name>
  <classe>mur</classe>
  <albedo>0.2</albedo>
  <transmittance>0</transmittance>
  <emissivite>0.9</emissivite>
  <layers>
    <layer>
      <position>1</position>
      <materiau>beton</materiau>
      <epaisseur>0.1</epaisseur>
    </layer>
    <layer>
      <position>2</position>
      <materiau>laine_roche</materiau>
      <epaisseur>0.1</epaisseur>
    </layer>
  </layers>
  <soleneID>1</soleneID>
  <saturneID>0</saturneID>
</famille>

<famille>
  <name>vitrage</name>
  <classe>vitrage</classe>
  <emissivite>0.9</emissivite>
  <layers>
    <layer>
      <position>1</position>
      <materiau>verre</materiau>
      <epaisseur>0.006</epaisseur>
    </layer>
    <layer>
      <position>2</position>
      <materiau>air</materiau>
      <epaisseur>0.012</epaisseur>
    </layer>
    <layer>
      <position>3</position>
      <materiau>verre</materiau>
      <epaisseur>0.006</epaisseur>
    </layer>
  </layers>
  <soleneID>2</soleneID>
  <saturneID></saturneID>
</famille>

<famille>
  <name>toit</name>
  <classe>toit</classe>
  <albedo>0.1</albedo>
  <transmittance>0</transmittance>
  <emissivite>0.9</emissivite>
  <layers>
    <layer>
      <position>1</position>
      <materiau>terre</materiau>
      <epaisseur>0.5</epaisseur>
    </layer>
    <layer>
      <position>2</position>
      <materiau>beton</materiau>
      <epaisseur>0.15</epaisseur>
    </layer>
  </layers>
  <soleneID>3</soleneID>
  <saturneID></saturneID>
</famille>

<famille>
  <name>plancher_int</name>
  <classe>plancher_int</classe>
  <layers>
    <layer>
      <position>1</position>
      <materiau>beton</materiau>
      <epaisseur>0.15</epaisseur>
    </layer>
  </layers>
  <soleneID>3</soleneID>
  <saturneID></saturneID>
</famille>


<famille>
  <name>plancher_bas</name>
  <classe>plancher_bas</classe>
  <layers>
    <layer>
      <position>1</position>
      <materiau>laine_roche</materiau>
      <epaisseur>0.14</epaisseur>
    </layer>
    <layer>
      <position>2</position>
      <materiau>beton</materiau>
      <epaisseur>0.15</epaisseur>
    </layer>
  </layers>
  <soleneID>4</soleneID>
  <saturneID></saturneID>
</famille>

<famille>
  <name>interieur</name>
  <classe>interieur</classe>
  <layers>
    <layer>
      <position>1</position>
      <materiau>beton</materiau>
      <epaisseur>0.15</epaisseur>
    </layer>
  </layers>
  <soleneID>5</soleneID>
  <saturneID></saturneID>
</famille>

<famille>
  <name>bat</name>
  <classe>batiments</classe>
  <albedo>0.2</albedo>
  <transmittance>0</transmittance>
  <emissivite>0.9</emissivite>
  <layers>
    <layer>
      <position>1</position>
      <materiau>beton</materiau>
      <epaisseur>0.15</epaisseur>
    </layer>
    <layer>
      <position>2</position>
      <materiau>laine_roche</materiau>
      <epaisseur>0.105</epaisseur>
    </layer>
  </layers>
  <soleneID>6</soleneID>
  <saturneID></saturneID>
</famille>

<famille>
  <name>solbat</name>
  <classe>batiments</classe>
  <albedo>0.1</albedo>
  <transmittance>0</transmittance>
  <emissivite>0.9</emissivite>
  <layers>
    <layer>
      <position>1</position>
      <materiau>terre</materiau>
      <epaisseur>0.5</epaisseur>
    </layer>
    <layer>
      <position>2</position>
      <materiau>beton</materiau>
      <epaisseur>0.15</epaisseur>
    </layer>
  </layers>
  <soleneID>7</soleneID>
  <saturneID></saturneID>
</famille>

<famille>
  <name>solair</name>
  <classe>sol</classe>
  <albedo>0.1</albedo>
  <transmittance>0</transmittance>
  <emissivite>0.9</emissivite>
  <layers>
    <layer>
      <position>1</position>
      <materiau>asphalte</materiau>
      <epaisseur>0.3</epaisseur>
    </layer>
    <layer>
      <position>2</position>
      <materiau>terre</materiau>
      <epaisseur>1</epaisseur>
    </layer>
  </layers>
  <soleneID></soleneID>
  <saturneID></saturneID>
</famille>

<famille>
  <name>sol</name>
  <classe>sol</classe>
  <albedo>0.1</albedo>
  <transmittance>0</transmittance>
  <emissivite>0.9</emissivite>
  <layers>
    <layer>
      <position>1</position>
      <materiau>asphalte</materiau>
      <epaisseur>0.3</epaisseur>
    </layer>
    <layer>
      <position>2</position>
      <materiau>terre</materiau>
      <epaisseur>1</epaisseur>
    </layer>
  </layers>
  <soleneID>8</soleneID>
  <saturneID></saturneID>
</famille>

<famille>
  <name>arbre_ext</name>
  <classe>surface_arbre</classe>
  <albedo>0.3</albedo>
  <transmittance>0.3</transmittance>
  <emissivite>0.9</emissivite>
  <soleneID>9</soleneID>
  <saturneID></saturneID>
</famille>

<famille>
  <name>arbre</name>
  <classe>volume_arbre</classe>
  <LAD>1</LAD>
  <soleneID></soleneID>
  <saturneID></saturneID>
</famille>

<famille>
  <name>air</name>
  <classe>volume_air</classe>
  <soleneID></soleneID>
  <saturneID></saturneID>
</famille>

<famille>
  <name>nord</name>
  <classe>paroi_veine</classe>
  <soleneID></soleneID>
  <saturneID></saturneID>
</famille>

<famille>
  <name>sud</name>
  <classe>paroi_veine</classe>
  <soleneID></soleneID>
  <saturneID></saturneID>
</famille>

<famille>
  <name>est</name>
  <classe>paroi_veine</classe>
  <soleneID></soleneID>
  <saturneID></saturneID>
</famille>

<famille>
  <name>ouest</name>
  <classe>paroi_veine</classe>
  <soleneID></soleneID>
  <saturneID></saturneID>
</famille>

<famille>
  <name>ceil</name>
  <classe>paroi_veine</classe>
  <soleneID></soleneID>
  <saturneID></saturneID>
</famille>

<famille>
  <name>sol</name>
  <classe>paroi_veine</classe>
  <soleneID></soleneID>
  <saturneID></saturneID>
</famille></familles>







