<?xml version="1.0"?>
<param_couplage>
  <chemin_cas>/home/laurent/Couplage/cas_test</chemin_cas>
  <chemin_geometrie>/home/laurent/Geometries/plot/plot1.med</chemin_geometrie>
  <chemin_familles_xml>/home/laurent/bacasable/famillepython/famille.xml</chemin_familles_xml>
  <chemin_familles_val></chemin_familles_val>

  <debut_jour>20</debut_jour>
  <debut_mois>6</debut_mois>
  <debut_heure>08</debut_heure>
  <debut_minutes>00</debut_minutes>
  <fin_jour>22</fin_jour>
  <fin_mois>6</fin_mois>
  <fin_heure>20</fin_heure>
  <fin_minutes>00</fin_minutes>
  <pas_heure>1</pas_heure>
  <pas_minutes>00</pas_minutes>

  <param_solene>
    <latitude></latitude>
    <longitude></longitude>
    <angle_vision></angle_vision>
    <delta_perez></delta_perez>
    <epsilon_perez></epsilon_perez>
  </param_solene>

  <initialisation>
    <termine>0</termine>
    <reconstruction_geom>0</reconstruction_geom>
    <reconstuction_faces>
      <todo>1</todo>
      <done>0</done>
    </reconstuction_faces>
    <creation_cir_solene>
      <todo>1</todo>
      <done>0</done>
    </creation_cir_solene>
  </initialisation>

  <calculs_effectues>
    <initialisation_solene>0</initialisation_solene>
    <flux_solaires_av>0</flux_solaires_av>
    <facteurs_de_formes>0</facteurs_de_formes>
    <initialisation_vent>0</initialisation_vent>
    <dernier_pas_de_temps>0</dernier_pas_de_temps>
  </calculs_effectues>
</param_couplage>
