<?xml version="1.0"?>
<param_couplage>
  <chemin_cas>/home/laurent/Couplage/tuto_couplage</chemin_cas>

  <initialisation_cir_ou_med>cir_tr</initialisation_cir_ou_med>
  <chemin_geometrie_saturne>/home/laurent/Geometries/plot/plot1.med</chemin_geometrie_saturne>
  <chemin_familles_xml>famille.xml</chemin_familles_xml>
  <chemin_materiaux_xml>materiau.xml</chemin_materiaux_xml>
  <chemin_fichier_meteo_RT>THCE2005_NANC0401.csv</chemin_fichier_meteo_RT>

  <chemin_geometrie_solene_triangle>/home/laurent/Couplage/cas_test/simulSol/scene_triangle.cir</chemin_geometrie_solene_triangle>
  <chemin_geometrie_solene_face>/home/laurent/Couplage/cas_test/simulSol/scene_masque.cir</chemin_geometrie_solene_face>
  <chemin_familles_val>/home/laurent/Couplage/cas_test/simulSol/entree/no_paroi.val</chemin_familles_val>

  
  <debut_jour>20</debut_jour>
  <debut_mois>6</debut_mois>
  <debut_heure>08</debut_heure>
  <debut_minutes>00</debut_minutes>
  <fin_jour>21</fin_jour>
  <fin_mois>6</fin_mois>
  <fin_heure>20</fin_heure>
  <fin_minutes>00</fin_minutes>
  <pas_heure>1</pas_heure>
  <pas_minutes>00</pas_minutes>
  
  <param_solene>
    <latitude></latitude>
    <longitude></longitude>
    <angle_vision></angle_vision>
    <delta_perez></delta_perez>
    <epsilon_perez></epsilon_perez>
  </param_solene>
  
  <initialisation>
    <termine>0</termine>
    <reconstruction_geom>0</reconstruction_geom>
    <reconstuction_faces>
      <todo>1</todo>
      <done>0</done>
    </reconstuction_faces>
    <creation_cir_solene>
      <todo>1</todo>
      <done>0</done>
    </creation_cir_solene>
  </initialisation>
  
  <calculs_effectues>
    <initialisation_solene>0</initialisation_solene>
    <flux_solaires_av>0</flux_solaires_av>
    <facteurs_de_formes>0</facteurs_de_formes>
    <initialisation_vent>0</initialisation_vent>
    <ref_initialisation_vent></ref_initialisation_vent>
    <dernier_pas_de_temps>0</dernier_pas_de_temps>
  </calculs_effectues>

</param_couplage>
